alias,notes
leather handbags,
women leather handbags,
genuine leather handbags,
vegan leather handbags,
crossbody handbag,
shoulder handbag,
tote bag leather,
small clutch bag,
evening clutch bag,
wallet for women,
card holder leather,
backpack leather,
travel backpack,
duffel bag travel,
weekender bag,
laptop bag leather,
messenger bag leather,
briefcase leather,
passport holder,
toiletry bag leather,
makeup bag travel,
camera bag small,
fanny pack waist bag,
belt bag leather,
canvas tote bag,
nylon backpack,
rolling suitcase carry on,
hard shell carry on,
spinner suitcase,
packing cubes set,
luggage tags leather,
sunglasses,
polarized sunglasses,
aviator sunglasses,
round sunglasses,
wayfarer sunglasses,
cat eye sunglasses,
sports sunglasses,
kids sunglasses,
blue light glasses,
reading glasses,
eyeglasses case,
glasses cleaning cloth,
t shirts cotton,
t shirts mens,
t shirts womens,
graphic t shirts,
plain t shirts,
oversized t shirts,
v neck t shirts,
long sleeve t shirts,
tank tops cotton,
polo shirts mens,
button down shirt mens,
dress shirt mens,
linen shirt mens,
hoodie fleece,
zip hoodie,
pullover hoodie,
crewneck sweatshirt,
sweatpants joggers,
shorts athletic,
jeans mens,
jeans womens,
skinny jeans,
straight leg jeans,
mom jeans,
denim jacket,
leather jacket mens,
puffer jacket,
rain jacket,
windbreaker jacket,
trench coat,
winter coat down,
thermal underwear,
socks cotton,
dress socks,
ankle socks,
no show socks,
wool socks,
compression socks,
boxers mens,
boxer briefs mens,
briefs mens,
bras womens,
sports bra,
underwear womens,
panties womens,
leggings womens,
yoga pants womens,
athletic shorts womens,
tennis skirt,
swimsuit mens,
swimsuit womens one piece,
bikini set,
beach cover up,
flip flops,
sandals womens,
sandals mens,
sport sandals,
hiking boots mens,
hiking boots womens,
work boots steel toe,
chelsea boots,
ankle boots womens,
knee high boots womens,
sneakers mens,
running shoes mens,
training shoes mens,
basketball shoes,
tennis shoes,
trail running shoes,
sneakers womens,
running shoes womens,
walking shoes womens,
slippers men,
slippers women,
shoe laces,
shoe insoles,
belt leather mens,
belt leather womens,
hat baseball cap,
beanie knit hat,
sun hat wide brim,
bucket hat,
scarf wool,
scarf silk,
gloves leather,
gloves winter,
umbrella compact,
watch mens,
watch womens,
smartwatch band,
watch strap leather,
jewelry necklace,
jewelry bracelet,
stud earrings,
hoop earrings,
ring sterling silver,
ring gold plated,
anklet chain,
hair clips,
hair scrunchies,
phone case iphone,
phone case android,
screen protector glass,
charging cable usb c,
charging cable lightning,
charging cable micro usb,
wall charger usb,
power bank portable,
wireless charger,
car charger,
phone holder car,
tablet case,
tablet screen protector,
laptop sleeve 13 inch,
laptop sleeve 15 inch,
usb hub,
memory card micro sd,
external ssd portable,
external hard drive,
bluetooth headphones,
wireless earbuds,
over ear headphones,
noise cancelling headphones,
gaming headset,
earbuds case,
headphone stand,
bluetooth speaker,
smart speaker mini,
action camera accessories,
camera tripod travel,
camera strap,
sd card reader,
microphone usb,
webcam hd,
desk lamp led,
ring light,
selfie stick tripod,
fitness tracker band,
bike light set,
bike lock u lock,
bike helmet adult,
bike pump mini,
water bottle stainless,
travel mug insulated,
thermos flask,
coffee tumbler,
reusable straw set,
lunch box bento,
food container glass,
cutlery travel set,
kitchen knife chef,
paring knife,
knife sharpener,
cutting board bamboo,
mixing bowls stainless,
measuring cups,
measuring spoons,
silicone spatula set,
cooking tongs,
whisk stainless,
colander stainless,
nonstick frying pan,
cast iron skillet,
saucepan with lid,
stock pot,
dutch oven,
baking sheet,
muffin pan,
cake pan,
rolling pin,
oven mitts,
apron cotton,
dish towels,
paper towel holder,
spice jars,
salt pepper grinder,
food scale digital,
kitchen timer,
instant read thermometer,
air fryer liners,
coffee grinder manual,
coffee dripper,
tea infuser,
kettle electric,
toaster 2 slice,
blender personal,
hand mixer,
ironing board cover,
laundry bag mesh,
clothes hangers velvet,
garment steamer,
lint roller,
fabric shaver,
vacuum storage bags,
shoe organizer,
closet organizer bins,
drawer dividers,
storage baskets,
under bed storage,
folding step stool,
wall hooks adhesive,
command hooks,
extension cord,
power strip surge protector,
led light strip,
flashlight rechargeable,
batteries aa,
batteries aaa,
tool kit household,
screwdriver set,
tape measure,
duct tape,
super glue,
first aid kit travel,
thermometer digital,
face masks reusable,
hand sanitizer travel,
toiletry bottles travel,
travel adapter universal,
neck pillow travel,
sleep mask,
ear plugs foam,
baby stroller,
stroller rain cover,
baby carrier sling,
diaper bag backpack,
changing pad portable,
baby blanket muslin,
swaddle blanket,
baby onesies cotton,
baby socks,
baby bibs silicone,
sippy cup,
baby bottle set,
pacifier silicone,
pacifier clip,
teething toy,
baby monitor,
play mat foldable,
toy blocks wooden,
stuffed animal plush,
puzzle jigsaw,
coloring book kids,
crayons non toxic,
washable markers,
watercolor set,
board game family,
jump rope kids,
soccer ball size 5,
basketball size 7,
tennis racket adult,
badminton set,
yoga mat,
resistance bands,
foam roller,
kettlebell,
dumbbell adjustable,
pull up bar doorway,
swim goggles,
swimming cap,
beach towel,
camping tent 2 person,
sleeping bag,
camping lantern,
camping stove portable,
cooler bag insulated,
picnic blanket,
hiking backpack daypack,
trekking poles,
headlamp,
portable chair folding,
pet leash nylon,
pet collar adjustable,
dog harness,
pet bowl stainless,
pet water bottle,
pet bed small,
pet grooming brush,
pet nail clippers,
pet waste bags,
cat litter scoop,
cat toy feather,
cat scratching pad,
dog toy chew,
dog raincoat,
dog sweater,
cat carrier soft,
dog car seat cover,
home decor pillow cover,
throw blanket,
area rug small,
curtain blackout,
shower curtain,
bath mat absorbent,
bath towel set,
soap dispenser,
toothbrush holder,
laundry hamper,
picture frame,
wall mirror,
plant pot ceramic,
fake plant,
string lights,
candle scented,
candle holder,
incense sticks,
essential oil diffuser,
desk organizer,
pen set,
notebook dotted,
planner undated,
sticky notes,
envelopes,
shipping labels,
mailing boxes small,
gift wrap paper,
gift bags,
ribbon satin,